,Recommender,Pre@5,Pre@10,Rec@5,Rec@10,NDCG
0,ML100-MostPop,0.09458023379383684,0.08862911795961753,0.04314858264315116,0.07991957368497055,0.40563214104960577
1,ML100-UserKNN,0.00021253985122210415,0.0005313496280552603,0.00026567481402763017,0.0004018858694735422,0.2856991094984434
2,ML100-ItemKNN,0.0008501594048884166,0.0010626992561105207,0.0007143700554965168,0.0017844491675522494,0.2701701386661647
3,ML100-BPR,0.12029755579171175,0.1131774707757701,0.06340986109159476,0.11885877366497075,0.4578800302093004
4,PDA2018-MostPop,0.07393113885735719,0.07014755959137477,0.03943376546863683,0.06975882028637953,0.34868470064243323
5,PDA2018-UserKNN,0.00026485054861899356,0.0014566780174044627,0.00041472321051008374,0.0031161848899308865,0.26259155670518863
6,PDA2018-ItemKNN,0.004691638289822162,0.005486189935679172,0.0014984576451255133,0.0033302083894116473,0.24735333224100117
7,PDA2018-BPR,0.09621642073401165,0.08817631479379726,0.0569755058582453,0.10090950802547112,0.3904386536039474
