,Recommender,Pre@5,Pre@10,Rec@5,Rec@10,NDCG@5,NDCG@10
0,ML100-MostPop,0.21617021276595746,0.19255319148936173,0.07065926711599416,0.11425943901460381,0.23050040907317546,0.22076740254314156
1,ML100-BPR,0.3759574468085106,0.3232978723404255,0.11984306989572834,0.19529138286400322,0.40038777517822666,0.37812153785448827
2,ML100-NCF,0.2542553191489362,0.2372340425531915,0.08398726542161752,0.15225814409205193,0.2690760884154233,0.2702837792958376
3,PDA2018-MostPop,0.21617021276595746,0.19255319148936173,0.07065926711599416,0.11425943901460381,0.23050040907317546,0.22076740254314156
4,PDA2018-BPR,0.38574468085106384,0.3337234042553192,0.13368465768819618,0.22161355205856664,0.41098178715094263,0.3931232445392719
5,PDA2018-NCF,0.2546808510638298,0.23882978723404255,0.08454772647979034,0.1508863193874161,0.26524391856134905,0.268098474553774
