,Recommender,Pre@5,Pre@10,Rec@5,Rec@10,NDCG@5,NDCG@10
0,ML100-UserKNN,0.3531868131868133,0.3498901098901099,0.3162827790482524,0.46324916331941884,0.6783069066003377,0.6400635374814715
1,ML100-ItemKNN,0.3417027417027417,0.38585858585858585,0.3223894607097665,0.5153048028620064,0.501534964204805,0.4816176209089155
2,PDA2018-UserKNN,0.3456924754634678,0.3466739367502726,0.3144280065292961,0.4635953786983333,0.6597952610243908,0.6597952610243908
3,PDA2018-ItemKNN,0.33612716763005784,0.37920937042459735,0.31207397929188074,0.5058941152011862,0.5014305787637376,0.49019777213379806
