,Recommender,Pre@5,Pre@10,Rec@5,Rec@10,NDCG
0,ML100-UserKNN,0.3533869115958668,0.36016073478760047,0.32081768537467764,0.4774316137105241,0.71962432131362
1,ML100-ItemKNN,0.34590347923681264,0.3485970819304153,0.30649354222393993,0.45283269613909916,0.7333289613334194
2,PDA2018-UserKNN,0.3453917050691244,0.358294930875576,0.3020150519941692,0.4599175286406323,0.7299257472979058
3,PDA2018-ItemKNN,0.35224215246636775,0.3545964125560538,0.31558881936244676,0.4583519931282012,0.7323922642926461
4,ML100-MostPop,0.09458023379383684,0.08862911795961753,0.04314858264315116,0.07991957368497055,0.40563214104960577
5,ML100-BPR,0.12051009564293386,0.11381509032943653,0.06748301705598556,0.11992384990329426,0.46010467633115143
6,PDA2018-MostPop,0.07393113885735719,0.07014755959137477,0.03943376546863683,0.06975882028637953,0.34868470064243323
7,PDA2018-BPR,0.0954975406734743,0.09055996973136836,0.05474748479577173,0.10140476897128776,0.3901861296169943
